customer_id,year_month,net_sales,avg_discount,category_count,loyalty,digital,sales_agent_id,active
C00002,2024-01-01,871.7,0.221725,3.0,True,False,A015,1
C00002,2024-02-01,888.72,0.20545,2.0,True,False,A015,1
C00002,2024-03-01,1417.08,0.15901666666666667,2.0,True,False,A015,1
C00002,2024-04-01,0.0,0.0,0.0,0,0,,0
C00002,2024-05-01,363.11,0.16433333333333333,2.0,True,False,A015,1
C00002,2024-06-01,1092.22,0.140625,3.0,True,False,A015,1
C00002,2024-07-01,1233.21,0.184225,2.0,True,False,A015,1
C00002,2024-08-01,2104.33,0.1863375,2.0,True,False,A015,1
C00006,2024-01-01,437.76,0.1926,1.0,False,False,A011,1
C00006,2024-02-01,351.39,0.16255,1.0,False,False,A011,1
C00006,2024-03-01,533.18,0.256025,2.0,False,False,A011,1
C00006,2024-04-01,0.0,0.0,0.0,0,0,,0
C00006,2024-05-01,0.0,0.0,0.0,0,0,,0
C00006,2024-06-01,673.86,0.241,2.0,False,False,A011,1
C00006,2024-07-01,0.0,0.0,0.0,0,0,,0
C00006,2024-08-01,603.35,0.22315999999999997,3.0,False,False,A011,1
C00007,2024-01-01,0.0,0.0,0.0,0,0,,0
C00007,2024-02-01,1375.71,0.2193375,2.0,False,False,A006,1
C00007,2024-03-01,910.01,0.201675,2.0,False,False,A006,1
C00007,2024-04-01,0.0,0.0,0.0,0,0,,0
C00007,2024-05-01,0.0,0.0,0.0,0,0,,0
C00007,2024-06-01,0.0,0.0,0.0,0,0,,0
C00007,2024-07-01,0.0,0.0,0.0,0,0,,0
C00007,2024-08-01,1312.81,0.25555,2.0,False,False,A006,1
C00009,2024-01-01,675.88,0.15982000000000002,2.0,True,False,A007,1
C00009,2024-02-01,38.51,0.1248,1.0,True,False,A007,1
C00009,2024-03-01,0.0,0.0,0.0,0,0,,0
C00009,2024-04-01,0.0,0.0,0.0,0,0,,0
C00009,2024-05-01,725.74,0.1943,2.0,True,False,A007,1
C00009,2024-06-01,0.0,0.0,0.0,0,0,,0
C00009,2024-07-01,994.97,0.14,3.0,True,False,A007,1
C00009,2024-08-01,0.0,0.0,0.0,0,0,,0
C00013,2024-01-01,0.0,0.0,0.0,0,0,,0
C00013,2024-02-01,0.0,0.0,0.0,0,0,,0
C00013,2024-03-01,996.36,0.232875,2.0,True,True,A006,1
C00013,2024-04-01,0.0,0.0,0.0,0,0,,0
C00013,2024-05-01,1526.27,0.15825714285714285,3.0,True,True,A006,1
C00013,2024-06-01,1310.01,0.17982857142857142,3.0,True,True,A006,1
C00013,2024-07-01,1022.65,0.207825,2.0,True,True,A006,1
C00013,2024-08-01,569.81,0.207275,2.0,True,True,A006,1
C00014,2024-01-01,0.0,0.0,0.0,0,0,,0
C00014,2024-02-01,704.1500000000001,0.200825,2.0,False,False,A005,1
C00014,2024-03-01,0.0,0.0,0.0,0,0,,0
C00014,2024-04-01,581.99,0.23285,2.0,False,False,A005,1
C00014,2024-05-01,0.0,0.0,0.0,0,0,,0
C00014,2024-06-01,398.37,0.2671,2.0,False,False,A005,1
C00014,2024-07-01,0.0,0.0,0.0,0,0,,0
C00014,2024-08-01,383.29,0.2404,1.0,False,False,A005,1
C00022,2024-01-01,0.0,0.0,0.0,0,0,,0
C00022,2024-02-01,0.0,0.0,0.0,0,0,,0
C00022,2024-03-01,664.8299999999999,0.1903,3.0,False,False,A007,1
C00022,2024-04-01,0.0,0.0,0.0,0,0,,0
C00022,2024-05-01,601.58,0.18073333333333333,2.0,False,False,A007,1
C00022,2024-06-01,1007.76,0.201,2.0,False,False,A007,1
C00022,2024-07-01,0.0,0.0,0.0,0,0,,0
C00022,2024-08-01,444.53999999999996,0.22766666666666668,2.0,False,False,A007,1
C00023,2024-01-01,258.48,0.1971,1.0,False,False,A007,1
C00023,2024-02-01,0.0,0.0,0.0,0,0,,0
C00023,2024-03-01,522.36,0.176975,2.0,False,False,A007,1
C00023,2024-04-01,0.0,0.0,0.0,0,0,,0
C00023,2024-05-01,0.0,0.0,0.0,0,0,,0
C00023,2024-06-01,479.82,0.2109,2.0,False,False,A007,1
C00023,2024-07-01,184.4,0.2541,1.0,False,False,A007,1
C00023,2024-08-01,0.0,0.0,0.0,0,0,,0
C00025,2024-01-01,0.0,0.0,0.0,0,0,,0
C00025,2024-02-01,360.07,0.154,1.0,True,True,A011,1
C00025,2024-03-01,482.02,0.27094999999999997,1.0,True,True,A011,1
C00025,2024-04-01,1003.58,0.22767500000000002,2.0,True,True,A011,1
C00025,2024-05-01,591.91,0.18359999999999999,1.0,True,True,A011,1
C00025,2024-06-01,1260.91,0.2057,3.0,True,True,A011,1
C00025,2024-07-01,0.0,0.0,0.0,0,0,,0
C00025,2024-08-01,349.32000000000005,0.23915,2.0,True,True,A011,1
C00031,2024-01-01,334.41999999999996,0.208575,3.0,False,True,A004,1
C00031,2024-02-01,0.0,0.0,0.0,0,0,,0
C00031,2024-03-01,0.0,0.0,0.0,0,0,,0
C00031,2024-04-01,275.95,0.2832,1.0,False,True,A004,1
C00031,2024-05-01,0.0,0.0,0.0,0,0,,0
C00031,2024-06-01,64.37,0.2114,1.0,False,True,A004,1
C00031,2024-07-01,0.0,0.0,0.0,0,0,,0
C00031,2024-08-01,377.69,0.237,2.0,False,True,A004,1
C00032,2024-01-01,411.05,0.25603333333333333,2.0,False,False,A005,1
C00032,2024-02-01,0.0,0.0,0.0,0,0,,0
C00032,2024-03-01,0.0,0.0,0.0,0,0,,0
C00032,2024-04-01,0.0,0.0,0.0,0,0,,0
C00032,2024-05-01,62.2,0.2026,1.0,False,False,A005,1
C00032,2024-06-01,1246.27,0.21022,2.0,False,False,A005,1
C00032,2024-07-01,419.03,0.24415,2.0,False,False,A005,1
C00032,2024-08-01,0.0,0.0,0.0,0,0,,0
C00037,2024-01-01,0.0,0.0,0.0,0,0,,0
C00037,2024-02-01,0.0,0.0,0.0,0,0,,0
C00037,2024-03-01,334.53,0.22235,2.0,True,True,A014,1
C00037,2024-04-01,0.0,0.0,0.0,0,0,,0
C00037,2024-05-01,0.0,0.0,0.0,0,0,,0
C00037,2024-06-01,0.0,0.0,0.0,0,0,,0
C00037,2024-07-01,1153.62,0.1662,3.0,True,True,A014,1
C00037,2024-08-01,132.38,0.1654,1.0,True,True,A014,1
C00044,2024-01-01,753.3000000000001,0.2569,2.0,False,True,A016,1
C00044,2024-02-01,0.0,0.0,0.0,0,0,,0
C00044,2024-03-01,80.51,0.1064,1.0,False,True,A016,1
C00044,2024-04-01,0.0,0.0,0.0,0,0,,0
C00044,2024-05-01,951.23,0.18286666666666665,1.0,False,True,A016,1
C00044,2024-06-01,565.8,0.1729,1.0,False,True,A016,1
C00044,2024-07-01,1104.85,0.19281666666666666,2.0,False,True,A016,1
C00044,2024-08-01,705.3599999999999,0.18923333333333334,2.0,False,True,A016,1
C00046,2024-01-01,121.1,0.18773333333333334,2.0,False,False,A001,1
C00046,2024-02-01,0.0,0.0,0.0,0,0,,0
C00046,2024-03-01,0.0,0.0,0.0,0,0,,0
C00046,2024-04-01,926.8599999999999,0.1565,2.0,False,False,A001,1
C00046,2024-05-01,1102.48,0.22089999999999999,2.0,False,False,A001,1
C00046,2024-06-01,0.0,0.0,0.0,0,0,,0
C00046,2024-07-01,703.17,0.22365000000000002,2.0,False,False,A001,1
C00046,2024-08-01,363.38,0.19200000000000003,3.0,False,False,A001,1
C00047,2024-01-01,0.0,0.0,0.0,0,0,,0
C00047,2024-02-01,688.79,0.268475,2.0,False,False,A004,1
C00047,2024-03-01,119.5,0.3724,1.0,False,False,A004,1
C00047,2024-04-01,0.0,0.0,0.0,0,0,,0
C00047,2024-05-01,0.0,0.0,0.0,0,0,,0
C00047,2024-06-01,1870.52,0.2179,3.0,False,False,A004,1
C00047,2024-07-01,552.6,0.20865,2.0,False,False,A004,1
C00047,2024-08-01,160.33,0.3148,1.0,False,False,A004,1
C00048,2024-01-01,0.0,0.0,0.0,0,0,,0
C00048,2024-02-01,742.48,0.2112,2.0,True,False,A011,1
C00048,2024-03-01,692.71,0.1771,2.0,True,False,A011,1
C00048,2024-04-01,0.0,0.0,0.0,0,0,,0
C00048,2024-05-01,1273.81,0.19988571428571428,3.0,True,False,A011,1
C00048,2024-06-01,726.33,0.19333333333333336,3.0,True,False,A011,1
C00048,2024-07-01,0.0,0.0,0.0,0,0,,0
C00048,2024-08-01,68.89,0.1667,1.0,True,False,A011,1
C00049,2024-01-01,593.3,0.21087499999999998,2.0,False,True,A015,1
C00049,2024-02-01,0.0,0.0,0.0,0,0,,0
C00049,2024-03-01,648.11,0.19438,2.0,False,True,A015,1
C00049,2024-04-01,476.37,0.1671,1.0,False,True,A015,1
C00049,2024-05-01,0.0,0.0,0.0,0,0,,0
C00049,2024-06-01,528.9,0.2964,2.0,False,True,A015,1
C00049,2024-07-01,395.65,0.16743333333333332,1.0,False,True,A015,1
C00049,2024-08-01,62.01,0.2282,1.0,False,True,A015,1
C00051,2024-01-01,0.0,0.0,0.0,0,0,,0
C00051,2024-02-01,458.28,0.173125,2.0,False,True,A009,1
C00051,2024-03-01,0.0,0.0,0.0,0,0,,0
C00051,2024-04-01,1137.71,0.2254285714285714,2.0,False,True,A009,1
C00051,2024-05-01,0.0,0.0,0.0,0,0,,0
C00051,2024-06-01,0.0,0.0,0.0,0,0,,0
C00051,2024-07-01,1279.27,0.2053875,2.0,False,True,A009,1
C00051,2024-08-01,0.0,0.0,0.0,0,0,,0
C00054,2024-01-01,317.83000000000004,0.11863333333333333,2.0,True,False,A018,1
C00054,2024-02-01,130.25,0.2815,1.0,True,False,A018,1
C00054,2024-03-01,1077.6699999999998,0.23049999999999998,3.0,True,False,A018,1
C00054,2024-04-01,611.75,0.19236666666666666,2.0,True,False,A018,1
C00054,2024-05-01,0.0,0.0,0.0,0,0,,0
C00054,2024-06-01,71.85,0.1197,1.0,True,False,A018,1
C00054,2024-07-01,0.0,0.0,0.0,0,0,,0
C00054,2024-08-01,404.69,0.202275,2.0,True,False,A018,1
C00060,2024-01-01,0.0,0.0,0.0,0,0,,0
C00060,2024-02-01,0.0,0.0,0.0,0,0,,0
C00060,2024-03-01,462.81,0.213,2.0,False,False,A011,1
C00060,2024-04-01,275.45,0.27895,2.0,False,False,A011,1
C00060,2024-05-01,1340.55,0.22624285714285713,2.0,False,False,A011,1
C00060,2024-06-01,1049.6,0.172925,2.0,False,False,A011,1
C00060,2024-07-01,0.0,0.0,0.0,0,0,,0
C00060,2024-08-01,1845.1,0.16537142857142856,2.0,False,False,A011,1
C00062,2024-01-01,880.05,0.21469999999999997,3.0,True,True,A018,1
C00062,2024-02-01,110.13,0.2129,1.0,True,True,A018,1
C00062,2024-03-01,593.95,0.22813333333333333,2.0,True,True,A018,1
C00062,2024-04-01,1239.3,0.21487142857142857,2.0,True,True,A018,1
C00062,2024-05-01,1287.0,0.182,1.0,True,True,A018,1
C00062,2024-06-01,2437.65,0.21954615384615384,3.0,True,True,A018,1
C00062,2024-07-01,0.0,0.0,0.0,0,0,,0
C00062,2024-08-01,86.96,0.1454,1.0,True,True,A018,1
C00064,2024-01-01,0.0,0.0,0.0,0,0,,0
C00064,2024-02-01,0.0,0.0,0.0,0,0,,0
C00064,2024-03-01,0.0,0.0,0.0,0,0,,0
C00064,2024-04-01,1823.72,0.1367,2.0,True,True,A006,1
C00064,2024-05-01,179.45,0.2294,2.0,True,True,A006,1
C00064,2024-06-01,0.0,0.0,0.0,0,0,,0
C00064,2024-07-01,1052.05,0.23392,2.0,True,True,A006,1
C00064,2024-08-01,699.7,0.182025,2.0,True,True,A006,1
C00065,2024-01-01,951.14,0.2521285714285714,3.0,False,False,A016,1
C00065,2024-02-01,156.66000000000003,0.1617,1.0,False,False,A016,1
C00065,2024-03-01,1529.2,0.21739000000000003,2.0,False,False,A016,1
C00065,2024-04-01,0.0,0.0,0.0,0,0,,0
C00065,2024-05-01,405.08000000000004,0.20623333333333335,2.0,False,False,A016,1
C00065,2024-06-01,0.0,0.0,0.0,0,0,,0
C00065,2024-07-01,1305.55,0.20015000000000002,3.0,False,False,A016,1
C00065,2024-08-01,113.51,0.22644999999999998,2.0,False,False,A016,1
C00070,2024-01-01,0.0,0.0,0.0,0,0,,0
C00070,2024-02-01,815.2,0.18306666666666668,3.0,True,True,A018,1
C00070,2024-03-01,201.58,0.1386,1.0,True,True,A018,1
C00070,2024-04-01,0.0,0.0,0.0,0,0,,0
C00070,2024-05-01,343.42,0.19055,2.0,True,True,A018,1
C00070,2024-06-01,0.0,0.0,0.0,0,0,,0
C00070,2024-07-01,300.51,0.2636,1.0,True,True,A018,1
C00070,2024-08-01,532.24,0.22344999999999998,2.0,True,True,A018,1
C00072,2024-01-01,0.0,0.0,0.0,0,0,,0
C00072,2024-02-01,487.25,0.20415,2.0,False,False,A016,1
C00072,2024-03-01,110.12,0.16375,1.0,False,False,A016,1
C00072,2024-04-01,701.62,0.21695,1.0,False,False,A016,1
C00072,2024-05-01,799.27,0.242725,2.0,False,False,A016,1
C00072,2024-06-01,0.0,0.0,0.0,0,0,,0
C00072,2024-07-01,179.86,0.13979999999999998,1.0,False,False,A016,1
C00072,2024-08-01,823.3399999999999,0.2606,2.0,False,False,A016,1
C00073,2024-01-01,395.64,0.186225,2.0,False,True,A005,1
C00073,2024-02-01,593.15,0.17831999999999998,3.0,False,True,A005,1
C00073,2024-03-01,0.0,0.0,0.0,0,0,,0
C00073,2024-04-01,1318.72,0.2294,2.0,False,True,A005,1
C00073,2024-05-01,120.98,0.2245,1.0,False,True,A005,1
C00073,2024-06-01,496.98,0.22046666666666667,2.0,False,True,A005,1
C00073,2024-07-01,0.0,0.0,0.0,0,0,,0
C00073,2024-08-01,0.0,0.0,0.0,0,0,,0
C00079,2024-01-01,0.0,0.0,0.0,0,0,,0
C00079,2024-02-01,0.0,0.0,0.0,0,0,,0
C00079,2024-03-01,733.9,0.194175,1.0,False,False,A018,1
C00079,2024-04-01,1646.44,0.21509999999999999,2.0,False,False,A018,1
C00079,2024-05-01,85.85,0.1932,1.0,False,False,A018,1
C00079,2024-06-01,564.8900000000001,0.22206666666666666,2.0,False,False,A018,1
C00079,2024-07-01,1069.03,0.22233333333333336,3.0,False,False,A018,1
C00079,2024-08-01,922.3,0.20103333333333331,2.0,False,False,A018,1
C00080,2024-01-01,477.11,0.1898,2.0,True,True,A015,1
C00080,2024-02-01,1280.93,0.19201,3.0,True,True,A015,1
C00080,2024-03-01,1333.17,0.17705,2.0,True,True,A015,1
C00080,2024-04-01,65.58,0.1731,1.0,True,True,A015,1
C00080,2024-05-01,631.8,0.20683333333333334,2.0,True,True,A015,1
C00080,2024-06-01,1976.74,0.2058375,2.0,True,True,A015,1
C00080,2024-07-01,0.0,0.0,0.0,0,0,,0
C00080,2024-08-01,0.0,0.0,0.0,0,0,,0
C00081,2024-01-01,63.37,0.2335,1.0,True,False,A018,1
C00081,2024-02-01,769.88,0.17541428571428572,2.0,True,False,A018,1
C00081,2024-03-01,288.98,0.15,1.0,True,False,A018,1
C00081,2024-04-01,1582.36,0.17300000000000001,3.0,True,False,A018,1
C00081,2024-05-01,0.0,0.0,0.0,0,0,,0
C00081,2024-06-01,0.0,0.0,0.0,0,0,,0
C00081,2024-07-01,0.0,0.0,0.0,0,0,,0
C00081,2024-08-01,1258.56,0.18597999999999998,1.0,True,False,A018,1
C00082,2024-01-01,0.0,0.0,0.0,0,0,,0
C00082,2024-02-01,96.9,0.20865,2.0,True,False,A009,1
C00082,2024-03-01,594.06,0.2052,2.0,True,False,A009,1
C00082,2024-04-01,914.3000000000001,0.18834285714285715,2.0,True,False,A009,1
C00082,2024-05-01,1143.83,0.19905,2.0,True,False,A009,1
C00082,2024-06-01,2450.9700000000003,0.15354444444444443,2.0,True,False,A009,1
C00082,2024-07-01,0.0,0.0,0.0,0,0,,0
C00082,2024-08-01,900.75,0.201825,2.0,True,False,A009,1
C00083,2024-01-01,499.89,0.20109999999999997,2.0,False,True,A017,1
C00083,2024-02-01,250.6,0.1968,1.0,False,True,A017,1
C00083,2024-03-01,0.0,0.0,0.0,0,0,,0
C00083,2024-04-01,704.0,0.2296,2.0,False,True,A017,1
C00083,2024-05-01,270.28999999999996,0.22294999999999998,1.0,False,True,A017,1
C00083,2024-06-01,1919.0,0.1990909090909091,3.0,False,True,A017,1
C00083,2024-07-01,429.51,0.2593,2.0,False,True,A017,1
C00083,2024-08-01,0.0,0.0,0.0,0,0,,0
C00086,2024-01-01,671.52,0.20193333333333333,1.0,False,False,A017,1
C00086,2024-02-01,0.0,0.0,0.0,0,0,,0
C00086,2024-03-01,0.0,0.0,0.0,0,0,,0
C00086,2024-04-01,2217.99,0.18589090909090908,3.0,False,False,A017,1
C00086,2024-05-01,1169.81,0.2037625,2.0,False,False,A017,1
C00086,2024-06-01,1254.21,0.238475,1.0,False,False,A017,1
C00086,2024-07-01,0.0,0.0,0.0,0,0,,0
C00086,2024-08-01,0.0,0.0,0.0,0,0,,0
C00089,2024-01-01,1510.28,0.17785,2.0,True,False,A006,1
C00089,2024-02-01,331.14,0.1509,1.0,True,False,A006,1
C00089,2024-03-01,0.0,0.0,0.0,0,0,,0
C00089,2024-04-01,759.72,0.1674,1.0,True,False,A006,1
C00089,2024-05-01,876.9,0.19553333333333334,1.0,True,False,A006,1
C00089,2024-06-01,1205.27,0.198275,2.0,True,False,A006,1
C00089,2024-07-01,1383.58,0.17351666666666665,2.0,True,False,A006,1
C00089,2024-08-01,3219.03,0.1757923076923077,3.0,True,False,A006,1
C00091,2024-01-01,173.06,0.2235,1.0,False,True,A018,1
C00091,2024-02-01,720.18,0.22175,1.0,False,True,A018,1
C00091,2024-03-01,1088.58,0.196125,1.0,False,True,A018,1
C00091,2024-04-01,1616.23,0.1892125,3.0,False,True,A018,1
C00091,2024-05-01,737.97,0.17663333333333334,2.0,False,True,A018,1
C00091,2024-06-01,537.46,0.2112,1.0,False,True,A018,1
C00091,2024-07-01,0.0,0.0,0.0,0,0,,0
C00091,2024-08-01,0.0,0.0,0.0,0,0,,0
C00092,2024-01-01,0.0,0.0,0.0,0,0,,0
C00092,2024-02-01,0.0,0.0,0.0,0,0,,0
C00092,2024-03-01,0.0,0.0,0.0,0,0,,0
C00092,2024-04-01,0.0,0.0,0.0,0,0,,0
C00092,2024-05-01,0.0,0.0,0.0,0,0,,0
C00092,2024-06-01,677.53,0.221475,2.0,False,False,A005,1
C00092,2024-07-01,653.3,0.23370000000000002,2.0,False,False,A005,1
C00092,2024-08-01,1103.12,0.1986,2.0,False,False,A005,1
C00093,2024-01-01,1340.4,0.2200111111111111,3.0,False,True,A001,1
C00093,2024-02-01,0.0,0.0,0.0,0,0,,0
C00093,2024-03-01,1118.8600000000001,0.21565,2.0,False,True,A001,1
C00093,2024-04-01,0.0,0.0,0.0,0,0,,0
C00093,2024-05-01,860.7,0.24207499999999998,2.0,False,True,A001,1
C00093,2024-06-01,571.94,0.26865,1.0,False,True,A001,1
C00093,2024-07-01,0.0,0.0,0.0,0,0,,0
C00093,2024-08-01,125.97,0.2058,1.0,False,True,A001,1
C00097,2024-01-01,0.0,0.0,0.0,0,0,,0
C00097,2024-02-01,349.59,0.1526,2.0,False,False,A007,1
C00097,2024-03-01,134.3,0.2233,2.0,False,False,A007,1
C00097,2024-04-01,0.0,0.0,0.0,0,0,,0
C00097,2024-05-01,0.0,0.0,0.0,0,0,,0
C00097,2024-06-01,490.9,0.2431,1.0,False,False,A007,1
C00097,2024-07-01,221.58999999999997,0.2372,1.0,False,False,A007,1
C00097,2024-08-01,1047.95,0.20426666666666668,2.0,False,False,A007,1
C00102,2024-01-01,0.0,0.0,0.0,0,0,,0
C00102,2024-02-01,761.95,0.20095,2.0,False,False,A016,1
C00102,2024-03-01,607.8700000000001,0.204725,2.0,False,False,A016,1
C00102,2024-04-01,0.0,0.0,0.0,0,0,,0
C00102,2024-05-01,174.08,0.1682,1.0,False,False,A016,1
C00102,2024-06-01,3246.2400000000002,0.19196,2.0,False,False,A016,1
C00102,2024-07-01,126.49,0.3604,1.0,False,False,A016,1
C00102,2024-08-01,501.17,0.21666666666666667,2.0,False,False,A016,1
C00105,2024-01-01,0.0,0.0,0.0,0,0,,0
C00105,2024-02-01,483.98,0.22195,2.0,True,True,A001,1
C00105,2024-03-01,0.0,0.0,0.0,0,0,,0
C00105,2024-04-01,0.0,0.0,0.0,0,0,,0
C00105,2024-05-01,0.0,0.0,0.0,0,0,,0
C00105,2024-06-01,0.0,0.0,0.0,0,0,,0
C00105,2024-07-01,0.0,0.0,0.0,0,0,,0
C00105,2024-08-01,697.88,0.22596666666666665,2.0,True,True,A001,1
C00106,2024-01-01,1159.03,0.16870000000000002,2.0,True,True,A011,1
C00106,2024-02-01,442.72,0.17252499999999998,2.0,True,True,A011,1
C00106,2024-03-01,1985.35,0.17360833333333334,3.0,True,True,A011,1
C00106,2024-04-01,1921.67,0.1726,2.0,True,True,A011,1
C00106,2024-05-01,658.47,0.17215,2.0,True,True,A011,1
C00106,2024-06-01,1539.7,0.15283333333333335,2.0,True,True,A011,1
C00106,2024-07-01,0.0,0.0,0.0,0,0,,0
C00106,2024-08-01,0.0,0.0,0.0,0,0,,0
C00107,2024-01-01,990.3199999999999,0.217,3.0,True,True,A005,1
C00107,2024-02-01,0.0,0.0,0.0,0,0,,0
C00107,2024-03-01,0.0,0.0,0.0,0,0,,0
C00107,2024-04-01,495.4,0.23386666666666667,1.0,True,True,A005,1
C00107,2024-05-01,0.0,0.0,0.0,0,0,,0
C00107,2024-06-01,361.23,0.20299999999999999,1.0,True,True,A005,1
C00107,2024-07-01,962.02,0.176525,3.0,True,True,A005,1
C00107,2024-08-01,0.0,0.0,0.0,0,0,,0
C00108,2024-01-01,0.0,0.0,0.0,0,0,,0
C00108,2024-02-01,0.0,0.0,0.0,0,0,,0
C00108,2024-03-01,498.28,0.17703333333333335,2.0,False,False,A017,1
C00108,2024-04-01,0.0,0.0,0.0,0,0,,0
C00108,2024-05-01,1751.27,0.1962,2.0,False,False,A017,1
C00108,2024-06-01,665.69,0.20916666666666664,2.0,False,False,A017,1
C00108,2024-07-01,0.0,0.0,0.0,0,0,,0
C00108,2024-08-01,0.0,0.0,0.0,0,0,,0
C00111,2024-01-01,170.86,0.246,1.0,False,False,A011,1
C00111,2024-02-01,361.19,0.22313333333333332,2.0,False,False,A011,1
C00111,2024-03-01,347.95,0.25077499999999997,3.0,False,False,A011,1
C00111,2024-04-01,0.0,0.0,0.0,0,0,,0
C00111,2024-05-01,858.0,0.2153,2.0,False,False,A011,1
C00111,2024-06-01,998.84,0.20597142857142856,3.0,False,False,A011,1
C00111,2024-07-01,936.03,0.20593333333333333,2.0,False,False,A011,1
C00111,2024-08-01,0.0,0.0,0.0,0,0,,0
C00113,2024-01-01,796.14,0.21105999999999997,2.0,False,True,A004,1
C00113,2024-02-01,0.0,0.0,0.0,0,0,,0
C00113,2024-03-01,777.98,0.212,2.0,False,True,A004,1
C00113,2024-04-01,0.0,0.0,0.0,0,0,,0
C00113,2024-05-01,0.0,0.0,0.0,0,0,,0
C00113,2024-06-01,604.5999999999999,0.23095,1.0,False,True,A004,1
C00113,2024-07-01,0.0,0.0,0.0,0,0,,0
C00113,2024-08-01,635.8,0.2419,2.0,False,True,A004,1
C00116,2024-01-01,217.83,0.146,1.0,False,False,A005,1
C00116,2024-02-01,0.0,0.0,0.0,0,0,,0
C00116,2024-03-01,133.17,0.261,1.0,False,False,A005,1
C00116,2024-04-01,484.62,0.1382,3.0,False,False,A005,1
C00116,2024-05-01,275.46,0.1317,1.0,False,False,A005,1
C00116,2024-06-01,0.0,0.0,0.0,0,0,,0
C00116,2024-07-01,0.0,0.0,0.0,0,0,,0
C00116,2024-08-01,350.25,0.2102,1.0,False,False,A005,1
C00119,2024-01-01,227.42,0.14785,2.0,True,False,A007,1
C00119,2024-02-01,0.0,0.0,0.0,0,0,,0
C00119,2024-03-01,1212.64,0.20263333333333333,3.0,True,False,A007,1
C00119,2024-04-01,519.15,0.229175,2.0,True,False,A007,1
C00119,2024-05-01,0.0,0.0,0.0,0,0,,0
C00119,2024-06-01,691.95,0.214,2.0,True,False,A007,1
C00119,2024-07-01,0.0,0.0,0.0,0,0,,0
C00119,2024-08-01,774.41,0.0763,1.0,True,False,A007,1
C00125,2024-01-01,625.9000000000001,0.2082,2.0,True,False,A018,1
C00125,2024-02-01,0.0,0.0,0.0,0,0,,0
C00125,2024-03-01,0.0,0.0,0.0,0,0,,0
C00125,2024-04-01,1219.77,0.20895999999999998,2.0,True,False,A018,1
C00125,2024-05-01,0.0,0.0,0.0,0,0,,0
C00125,2024-06-01,1827.68,0.21681666666666666,1.0,True,False,A018,1
C00125,2024-07-01,103.45,0.2025,1.0,True,False,A018,1
C00125,2024-08-01,382.9,0.20493333333333333,2.0,True,False,A018,1
C00126,2024-01-01,604.62,0.1678,2.0,True,False,A014,1
C00126,2024-02-01,1785.6499999999999,0.1286857142857143,3.0,True,False,A014,1
C00126,2024-03-01,0.0,0.0,0.0,0,0,,0
C00126,2024-04-01,688.89,0.2185,2.0,True,False,A014,1
C00126,2024-05-01,1779.55,0.1806625,2.0,True,False,A014,1
C00126,2024-06-01,0.0,0.0,0.0,0,0,,0
C00126,2024-07-01,1000.14,0.1771,2.0,True,False,A014,1
C00126,2024-08-01,1039.8400000000001,0.2054625,3.0,True,False,A014,1
C00128,2024-01-01,0.0,0.0,0.0,0,0,,0
C00128,2024-02-01,0.0,0.0,0.0,0,0,,0
C00128,2024-03-01,0.0,0.0,0.0,0,0,,0
C00128,2024-04-01,729.46,0.20966666666666667,2.0,True,False,A016,1
C00128,2024-05-01,191.37,0.2026,1.0,True,False,A016,1
C00128,2024-06-01,920.24,0.19690000000000002,2.0,True,False,A016,1
C00128,2024-07-01,0.0,0.0,0.0,0,0,,0
C00128,2024-08-01,642.67,0.23322500000000002,2.0,True,False,A016,1
C00131,2024-01-01,0.0,0.0,0.0,0,0,,0
C00131,2024-02-01,0.0,0.0,0.0,0,0,,0
C00131,2024-03-01,0.0,0.0,0.0,0,0,,0
C00131,2024-04-01,844.12,0.2344,2.0,True,True,A016,1
C00131,2024-05-01,342.75,0.19105,2.0,True,True,A016,1
C00131,2024-06-01,162.49,0.1333,1.0,True,True,A016,1
C00131,2024-07-01,0.0,0.0,0.0,0,0,,0
C00131,2024-08-01,2650.86,0.179425,1.0,True,True,A016,1
C00132,2024-01-01,79.96,0.1178,1.0,True,True,A015,1
C00132,2024-02-01,0.0,0.0,0.0,0,0,,0
C00132,2024-03-01,170.33,0.2696,1.0,True,True,A015,1
C00132,2024-04-01,911.2,0.21264285714285716,2.0,True,True,A015,1
C00132,2024-05-01,1544.8899999999999,0.18171666666666667,2.0,True,True,A015,1
C00132,2024-06-01,0.0,0.0,0.0,0,0,,0
C00132,2024-07-01,440.6,0.232775,2.0,True,True,A015,1
C00132,2024-08-01,0.0,0.0,0.0,0,0,,0
C00134,2024-01-01,0.0,0.0,0.0,0,0,,0
C00134,2024-02-01,903.0400000000001,0.26036666666666664,2.0,False,False,A006,1
C00134,2024-03-01,35.47,0.261,1.0,False,False,A006,1
C00134,2024-04-01,1104.21,0.2355,2.0,False,False,A006,1
C00134,2024-05-01,0.0,0.0,0.0,0,0,,0
C00134,2024-06-01,0.0,0.0,0.0,0,0,,0
C00134,2024-07-01,0.0,0.0,0.0,0,0,,0
C00134,2024-08-01,1018.92,0.20956666666666668,2.0,False,False,A006,1
C00135,2024-01-01,0.0,0.0,0.0,0,0,,0
C00135,2024-02-01,395.15,0.20077499999999998,2.0,True,True,A014,1
C00135,2024-03-01,1246.69,0.20201428571428573,2.0,True,True,A014,1
C00135,2024-04-01,0.0,0.0,0.0,0,0,,0
C00135,2024-05-01,0.0,0.0,0.0,0,0,,0
C00135,2024-06-01,0.0,0.0,0.0,0,0,,0
C00135,2024-07-01,629.56,0.24730000000000002,2.0,True,True,A014,1
C00135,2024-08-01,582.1700000000001,0.13124,2.0,True,True,A014,1
C00138,2024-01-01,0.0,0.0,0.0,0,0,,0
C00138,2024-02-01,816.29,0.19585,2.0,True,True,A014,1
C00138,2024-03-01,1511.39,0.188775,2.0,True,True,A014,1
C00138,2024-04-01,0.0,0.0,0.0,0,0,,0
C00138,2024-05-01,0.0,0.0,0.0,0,0,,0
C00138,2024-06-01,538.45,0.20450000000000002,2.0,True,True,A014,1
C00138,2024-07-01,0.0,0.0,0.0,0,0,,0
C00138,2024-08-01,674.92,0.1306,2.0,True,True,A014,1
C00143,2024-01-01,251.57999999999998,0.20685,1.0,True,False,A001,1
C00143,2024-02-01,0.0,0.0,0.0,0,0,,0
C00143,2024-03-01,0.0,0.0,0.0,0,0,,0
C00143,2024-04-01,492.36,0.17826666666666666,1.0,True,False,A001,1
C00143,2024-05-01,2429.11,0.18828,3.0,True,False,A001,1
C00143,2024-06-01,2011.43,0.185325,2.0,True,False,A001,1
C00143,2024-07-01,0.0,0.0,0.0,0,0,,0
C00143,2024-08-01,170.22,0.1636,1.0,True,False,A001,1
C00149,2024-01-01,190.99,0.17529999999999998,1.0,True,True,A005,1
C00149,2024-02-01,0.0,0.0,0.0,0,0,,0
C00149,2024-03-01,796.0899999999999,0.22586666666666666,2.0,True,True,A005,1
C00149,2024-04-01,1402.8600000000001,0.21223333333333336,3.0,True,True,A005,1
C00149,2024-05-01,836.9,0.176075,2.0,True,True,A005,1
C00149,2024-06-01,800.8199999999999,0.21746666666666667,2.0,True,True,A005,1
C00149,2024-07-01,1068.88,0.16378571428571428,3.0,True,True,A005,1
C00149,2024-08-01,564.94,0.16973333333333332,2.0,True,True,A005,1
C00150,2024-01-01,401.08,0.18936666666666668,1.0,True,True,A009,1
C00150,2024-02-01,54.77,0.2401,1.0,True,True,A009,1
C00150,2024-03-01,0.0,0.0,0.0,0,0,,0
C00150,2024-04-01,0.0,0.0,0.0,0,0,,0
C00150,2024-05-01,641.18,0.2049,3.0,True,True,A009,1
C00150,2024-06-01,1183.1100000000001,0.20842,2.0,True,True,A009,1
C00150,2024-07-01,838.42,0.21565,3.0,True,True,A009,1
C00150,2024-08-01,283.11,0.2767,1.0,True,True,A009,1
C00154,2024-01-01,138.66,0.1371,1.0,False,False,A004,1
C00154,2024-02-01,0.0,0.0,0.0,0,0,,0
C00154,2024-03-01,377.71,0.1616,1.0,False,False,A004,1
C00154,2024-04-01,0.0,0.0,0.0,0,0,,0
C00154,2024-05-01,0.0,0.0,0.0,0,0,,0
C00154,2024-06-01,966.08,0.22497499999999998,2.0,False,False,A004,1
C00154,2024-07-01,1476.98,0.183975,1.0,False,False,A004,1
C00154,2024-08-01,1736.8500000000001,0.2273,3.0,False,False,A004,1
C00155,2024-01-01,0.0,0.0,0.0,0,0,,0
C00155,2024-02-01,370.93999999999994,0.20109999999999997,3.0,False,True,A015,1
C00155,2024-03-01,994.5,0.20652500000000001,3.0,False,True,A015,1
C00155,2024-04-01,412.69,0.2249,1.0,False,True,A015,1
C00155,2024-05-01,0.0,0.0,0.0,0,0,,0
C00155,2024-06-01,272.82,0.17475000000000002,1.0,False,True,A015,1
C00155,2024-07-01,0.0,0.0,0.0,0,0,,0
C00155,2024-08-01,0.0,0.0,0.0,0,0,,0
C00157,2024-01-01,484.37,0.1572,2.0,False,False,A009,1
C00157,2024-02-01,763.87,0.23872857142857143,3.0,False,False,A009,1
C00157,2024-03-01,0.0,0.0,0.0,0,0,,0
C00157,2024-04-01,884.47,0.212775,2.0,False,False,A009,1
C00157,2024-05-01,0.0,0.0,0.0,0,0,,0
C00157,2024-06-01,1106.23,0.17152,3.0,False,False,A009,1
C00157,2024-07-01,0.0,0.0,0.0,0,0,,0
C00157,2024-08-01,0.0,0.0,0.0,0,0,,0
C00160,2024-01-01,107.68,0.253,1.0,True,True,A004,1
C00160,2024-02-01,91.71,0.3052,1.0,True,True,A004,1
C00160,2024-03-01,844.63,0.19176666666666667,2.0,True,True,A004,1
C00160,2024-04-01,0.0,0.0,0.0,0,0,,0
C00160,2024-05-01,0.0,0.0,0.0,0,0,,0
C00160,2024-06-01,109.02,0.2429,1.0,True,True,A004,1
C00160,2024-07-01,192.79000000000002,0.2021,1.0,True,True,A004,1
C00160,2024-08-01,258.3,0.219,1.0,True,True,A004,1
C00163,2024-01-01,0.0,0.0,0.0,0,0,,0
C00163,2024-02-01,123.95,0.1402,1.0,True,True,A005,1
C00163,2024-03-01,0.0,0.0,0.0,0,0,,0
C00163,2024-04-01,1127.32,0.17306666666666667,2.0,True,True,A005,1
C00163,2024-05-01,0.0,0.0,0.0,0,0,,0
C00163,2024-06-01,289.22,0.1,1.0,True,True,A005,1
C00163,2024-07-01,0.0,0.0,0.0,0,0,,0
C00163,2024-08-01,808.74,0.17966666666666664,2.0,True,True,A005,1
C00167,2024-01-01,40.72,0.1517,1.0,False,True,A015,1
C00167,2024-02-01,909.3,0.20428333333333334,2.0,False,True,A015,1
C00167,2024-03-01,333.3,0.19524999999999998,1.0,False,True,A015,1
C00167,2024-04-01,1028.51,0.2093,2.0,False,True,A015,1
C00167,2024-05-01,0.0,0.0,0.0,0,0,,0
C00167,2024-06-01,129.48,0.2589,1.0,False,True,A015,1
C00167,2024-07-01,0.0,0.0,0.0,0,0,,0
C00167,2024-08-01,0.0,0.0,0.0,0,0,,0
C00170,2024-01-01,312.46000000000004,0.18855,1.0,False,False,A015,1
C00170,2024-02-01,894.85,0.21650000000000003,2.0,False,False,A015,1
C00170,2024-03-01,631.76,0.2479,2.0,False,False,A015,1
C00170,2024-04-01,119.37,0.25245,2.0,False,False,A015,1
C00170,2024-05-01,337.31,0.14843333333333333,2.0,False,False,A015,1
C00170,2024-06-01,0.0,0.0,0.0,0,0,,0
C00170,2024-07-01,411.64,0.14673333333333335,1.0,False,False,A015,1
C00170,2024-08-01,950.64,0.18919999999999998,2.0,False,False,A015,1
C00172,2024-01-01,343.65999999999997,0.18130000000000002,2.0,True,False,A005,1
C00172,2024-02-01,0.0,0.0,0.0,0,0,,0
C00172,2024-03-01,1017.16,0.21757999999999997,2.0,True,False,A005,1
C00172,2024-04-01,0.0,0.0,0.0,0,0,,0
C00172,2024-05-01,1235.6,0.2145,1.0,True,False,A005,1
C00172,2024-06-01,0.0,0.0,0.0,0,0,,0
C00172,2024-07-01,1502.94,0.19113333333333335,2.0,True,False,A005,1
C00172,2024-08-01,943.72,0.171925,3.0,True,False,A005,1
C00173,2024-01-01,0.0,0.0,0.0,0,0,,0
C00173,2024-02-01,1023.06,0.23475000000000001,3.0,False,True,A006,1
C00173,2024-03-01,859.75,0.180825,2.0,False,True,A006,1
C00173,2024-04-01,1676.24,0.22294285714285714,2.0,False,True,A006,1
C00173,2024-05-01,767.45,0.23949999999999996,2.0,False,True,A006,1
C00173,2024-06-01,0.0,0.0,0.0,0,0,,0
C00173,2024-07-01,1300.33,0.22727142857142857,2.0,False,True,A006,1
C00173,2024-08-01,1315.6,0.20345,2.0,False,True,A006,1
C00176,2024-01-01,347.08,0.21695,1.0,False,False,A011,1
C00176,2024-02-01,0.0,0.0,0.0,0,0,,0
C00176,2024-03-01,0.0,0.0,0.0,0,0,,0
C00176,2024-04-01,0.0,0.0,0.0,0,0,,0
C00176,2024-05-01,813.29,0.23033333333333336,3.0,False,False,A011,1
C00176,2024-06-01,550.04,0.21645,2.0,False,False,A011,1
C00176,2024-07-01,0.0,0.0,0.0,0,0,,0
C00176,2024-08-01,83.94,0.2946,1.0,False,False,A011,1
C00178,2024-01-01,1199.25,0.22013749999999999,3.0,True,True,A016,1
C00178,2024-02-01,554.91,0.21944999999999998,2.0,True,True,A016,1
C00178,2024-03-01,1155.79,0.19255,2.0,True,True,A016,1
C00178,2024-04-01,2566.96,0.21158888888888888,2.0,True,True,A016,1
C00178,2024-05-01,0.0,0.0,0.0,0,0,,0
C00178,2024-06-01,312.21,0.2127,1.0,True,True,A016,1
C00178,2024-07-01,528.28,0.2234,2.0,True,True,A016,1
C00178,2024-08-01,558.46,0.1774,2.0,True,True,A016,1
C00185,2024-01-01,113.95,0.2519,1.0,True,True,A004,1
C00185,2024-02-01,0.0,0.0,0.0,0,0,,0
C00185,2024-03-01,44.91,0.0917,1.0,True,True,A004,1
C00185,2024-04-01,1673.0,0.2101,2.0,True,True,A004,1
C00185,2024-05-01,620.21,0.20120000000000002,1.0,True,True,A004,1
C00185,2024-06-01,1205.3899999999999,0.1534,3.0,True,True,A004,1
C00185,2024-07-01,91.58,0.2304,1.0,True,True,A004,1
C00185,2024-08-01,0.0,0.0,0.0,0,0,,0
C00187,2024-01-01,153.71,0.1621,2.0,True,True,A014,1
C00187,2024-02-01,0.0,0.0,0.0,0,0,,0
C00187,2024-03-01,666.4300000000001,0.17945,1.0,True,True,A014,1
C00187,2024-04-01,347.63,0.19490000000000002,2.0,True,True,A014,1
C00187,2024-05-01,0.0,0.0,0.0,0,0,,0
C00187,2024-06-01,0.0,0.0,0.0,0,0,,0
C00187,2024-07-01,844.63,0.21534999999999999,3.0,True,True,A014,1
C00187,2024-08-01,0.0,0.0,0.0,0,0,,0
C00188,2024-01-01,546.44,0.2384666666666667,2.0,False,False,A006,1
C00188,2024-02-01,390.2,0.24609999999999999,2.0,False,False,A006,1
C00188,2024-03-01,1364.79,0.2048142857142857,2.0,False,False,A006,1
C00188,2024-04-01,1148.93,0.20928,2.0,False,False,A006,1
C00188,2024-05-01,608.1099999999999,0.19055,2.0,False,False,A006,1
C00188,2024-06-01,0.0,0.0,0.0,0,0,,0
C00188,2024-07-01,0.0,0.0,0.0,0,0,,0
C00188,2024-08-01,0.0,0.0,0.0,0,0,,0
C00189,2024-01-01,0.0,0.0,0.0,0,0,,0
C00189,2024-02-01,0.0,0.0,0.0,0,0,,0
C00189,2024-03-01,857.76,0.249525,3.0,False,True,A004,1
C00189,2024-04-01,1019.31,0.157225,2.0,False,True,A004,1
C00189,2024-05-01,291.96,0.14965,1.0,False,True,A004,1
C00189,2024-06-01,0.0,0.0,0.0,0,0,,0
C00189,2024-07-01,683.48,0.18016666666666667,2.0,False,True,A004,1
C00189,2024-08-01,0.0,0.0,0.0,0,0,,0
C00191,2024-01-01,0.0,0.0,0.0,0,0,,0
C00191,2024-02-01,747.98,0.21552499999999997,2.0,False,False,A004,1
C00191,2024-03-01,0.0,0.0,0.0,0,0,,0
C00191,2024-04-01,0.0,0.0,0.0,0,0,,0
C00191,2024-05-01,646.55,0.21015,2.0,False,False,A004,1
C00191,2024-06-01,316.93,0.18714999999999998,2.0,False,False,A004,1
C00191,2024-07-01,0.0,0.0,0.0,0,0,,0
C00191,2024-08-01,395.62,0.228675,2.0,False,False,A004,1
C00192,2024-01-01,1749.25,0.20323636363636363,3.0,True,False,A016,1
C00192,2024-02-01,929.29,0.16385,1.0,True,False,A016,1
C00192,2024-03-01,858.06,0.20994000000000002,2.0,True,False,A016,1
C00192,2024-04-01,526.57,0.15946666666666667,2.0,True,False,A016,1
C00192,2024-05-01,1020.69,0.190025,2.0,True,False,A016,1
C00192,2024-06-01,0.0,0.0,0.0,0,0,,0
C00192,2024-07-01,0.0,0.0,0.0,0,0,,0
C00192,2024-08-01,262.93,0.22355,1.0,True,False,A016,1
C00193,2024-01-01,735.72,0.20704999999999998,2.0,True,True,A017,1
C00193,2024-02-01,402.64000000000004,0.14425,1.0,True,True,A017,1
C00193,2024-03-01,0.0,0.0,0.0,0,0,,0
C00193,2024-04-01,518.79,0.2331,2.0,True,True,A017,1
C00193,2024-05-01,0.0,0.0,0.0,0,0,,0
C00193,2024-06-01,1187.9,0.1871,2.0,True,True,A017,1
C00193,2024-07-01,671.17,0.17795,2.0,True,True,A017,1
C00193,2024-08-01,1533.64,0.2143,3.0,True,True,A017,1
C00195,2024-01-01,1272.51,0.19835,2.0,False,False,A011,1
C00195,2024-02-01,1127.3,0.2049,2.0,False,False,A011,1
C00195,2024-03-01,247.79000000000002,0.2098,2.0,False,False,A011,1
C00195,2024-04-01,560.67,0.1596,2.0,False,False,A011,1
C00195,2024-05-01,0.0,0.0,0.0,0,0,,0
C00195,2024-06-01,506.15999999999997,0.17045,2.0,False,False,A011,1
C00195,2024-07-01,212.68,0.1805,1.0,False,False,A011,1
C00195,2024-08-01,442.66,0.21525,1.0,False,False,A011,1
C00196,2024-01-01,0.0,0.0,0.0,0,0,,0
C00196,2024-02-01,301.67,0.20573333333333332,2.0,False,False,A007,1
C00196,2024-03-01,0.0,0.0,0.0,0,0,,0
C00196,2024-04-01,514.47,0.18610000000000002,2.0,False,False,A007,1
C00196,2024-05-01,673.99,0.21263333333333334,2.0,False,False,A007,1
C00196,2024-06-01,0.0,0.0,0.0,0,0,,0
C00196,2024-07-01,0.0,0.0,0.0,0,0,,0
C00196,2024-08-01,1327.07,0.190625,2.0,False,False,A007,1
C00199,2024-01-01,147.33,0.23625,2.0,True,False,A007,1
C00199,2024-02-01,1420.39,0.1605,2.0,True,False,A007,1
C00199,2024-03-01,116.6,0.1903,1.0,True,False,A007,1
C00199,2024-04-01,198.9,0.1641,1.0,True,False,A007,1
C00199,2024-05-01,406.20000000000005,0.21950000000000003,1.0,True,False,A007,1
C00199,2024-06-01,574.8,0.19469999999999998,2.0,True,False,A007,1
C00199,2024-07-01,349.1,0.08825,1.0,True,False,A007,1
C00199,2024-08-01,0.0,0.0,0.0,0,0,,0
C00203,2024-01-01,305.12,0.1767,1.0,True,True,A018,1
C00203,2024-02-01,0.0,0.0,0.0,0,0,,0
C00203,2024-03-01,463.42,0.22794999999999999,2.0,True,True,A018,1
C00203,2024-04-01,798.16,0.17370000000000002,2.0,True,True,A018,1
C00203,2024-05-01,1093.76,0.1796,2.0,True,True,A018,1
C00203,2024-06-01,0.0,0.0,0.0,0,0,,0
C00203,2024-07-01,0.0,0.0,0.0,0,0,,0
C00203,2024-08-01,1168.27,0.187275,2.0,True,True,A018,1
C00205,2024-01-01,0.0,0.0,0.0,0,0,,0
C00205,2024-02-01,0.0,0.0,0.0,0,0,,0
C00205,2024-03-01,538.48,0.21332,2.0,False,True,A005,1
C00205,2024-04-01,342.63,0.1604,1.0,False,True,A005,1
C00205,2024-05-01,0.0,0.0,0.0,0,0,,0
C00205,2024-06-01,2594.45,0.22133636363636364,2.0,False,True,A005,1
C00205,2024-07-01,0.0,0.0,0.0,0,0,,0
C00205,2024-08-01,1216.33,0.2001833333333333,2.0,False,True,A005,1
C00206,2024-01-01,235.03,0.1611,1.0,True,True,A004,1
C00206,2024-02-01,1210.04,0.2519857142857143,3.0,True,True,A004,1
C00206,2024-03-01,477.67,0.2397,1.0,True,True,A004,1
C00206,2024-04-01,1725.48,0.20400000000000001,3.0,True,True,A004,1
C00206,2024-05-01,0.0,0.0,0.0,0,0,,0
C00206,2024-06-01,0.0,0.0,0.0,0,0,,0
C00206,2024-07-01,331.89,0.17635,2.0,True,True,A004,1
C00206,2024-08-01,0.0,0.0,0.0,0,0,,0
C00212,2024-01-01,0.0,0.0,0.0,0,0,,0
C00212,2024-02-01,455.0,0.19299999999999998,3.0,True,True,A016,1
C00212,2024-03-01,0.0,0.0,0.0,0,0,,0
C00212,2024-04-01,651.69,0.16344999999999998,1.0,True,True,A016,1
C00212,2024-05-01,115.99,0.1945,1.0,True,True,A016,1
C00212,2024-06-01,1672.69,0.17167,2.0,True,True,A016,1
C00212,2024-07-01,0.0,0.0,0.0,0,0,,0
C00212,2024-08-01,1048.47,0.17361666666666667,3.0,True,True,A016,1
C00214,2024-01-01,203.92,0.2503,1.0,False,False,A017,1
C00214,2024-02-01,300.73,0.23853333333333335,2.0,False,False,A017,1
C00214,2024-03-01,161.29000000000002,0.16915,2.0,False,False,A017,1
C00214,2024-04-01,887.47,0.19726666666666667,2.0,False,False,A017,1
C00214,2024-05-01,742.34,0.190975,2.0,False,False,A017,1
C00214,2024-06-01,0.0,0.0,0.0,0,0,,0
C00214,2024-07-01,1443.81,0.1643125,2.0,False,False,A017,1
C00214,2024-08-01,1257.79,0.21544,3.0,False,False,A017,1
C00215,2024-01-01,296.59,0.1032,1.0,True,False,A018,1
C00215,2024-02-01,441.29999999999995,0.17163333333333333,1.0,True,False,A018,1
C00215,2024-03-01,924.46,0.15344,1.0,True,False,A018,1
C00215,2024-04-01,511.45,0.1891,1.0,True,False,A018,1
C00215,2024-05-01,265.57,0.1624,2.0,True,False,A018,1
C00215,2024-06-01,1732.6299999999999,0.1893,3.0,True,False,A018,1
C00215,2024-07-01,0.0,0.0,0.0,0,0,,0
C00215,2024-08-01,1108.82,0.1782,2.0,True,False,A018,1
C00217,2024-01-01,939.63,0.2347,2.0,True,False,A015,1
C00217,2024-02-01,374.94,0.1318,2.0,True,False,A015,1
C00217,2024-03-01,529.44,0.23323333333333332,2.0,True,False,A015,1
C00217,2024-04-01,0.0,0.0,0.0,0,0,,0
C00217,2024-05-01,0.0,0.0,0.0,0,0,,0
C00217,2024-06-01,1212.22,0.1355333333333333,2.0,True,False,A015,1
C00217,2024-07-01,0.0,0.0,0.0,0,0,,0
C00217,2024-08-01,0.0,0.0,0.0,0,0,,0
C00219,2024-01-01,2049.93,0.19030000000000002,3.0,True,True,A001,1
C00219,2024-02-01,1054.81,0.16736,2.0,True,True,A001,1
C00219,2024-03-01,684.23,0.14571666666666666,2.0,True,True,A001,1
C00219,2024-04-01,1083.62,0.22605000000000003,2.0,True,True,A001,1
C00219,2024-05-01,137.75,0.1224,1.0,True,True,A001,1
C00219,2024-06-01,1198.08,0.15478333333333333,2.0,True,True,A001,1
C00219,2024-07-01,83.92,0.198,1.0,True,True,A001,1
C00219,2024-08-01,1426.49,0.2162375,3.0,True,True,A001,1
C00220,2024-01-01,2106.18,0.16978181818181817,2.0,True,False,A009,1
C00220,2024-02-01,0.0,0.0,0.0,0,0,,0
C00220,2024-03-01,0.0,0.0,0.0,0,0,,0
C00220,2024-04-01,0.0,0.0,0.0,0,0,,0
C00220,2024-05-01,1627.1200000000001,0.20289285714285715,3.0,True,False,A009,1
C00220,2024-06-01,639.14,0.22976666666666667,2.0,True,False,A009,1
C00220,2024-07-01,526.6,0.232575,2.0,True,False,A009,1
C00220,2024-08-01,792.31,0.237325,2.0,True,False,A009,1
